isin,securityid,newbsecode,oldbsecode,newnsecode,oldnsecode,newname,oldname,symbol,company_id,sector,change,oldisin,oldsecurityid,oldsymbol
INE004A01022,544021,PROTEAN,,PROTEAN,,Protean e-Gov Technologies,Protean e-Gov Technologies (NSDL),PROTEAN,56817103-c681-47df-8b22-b299121389c6,,name,,,
INE005G01026,539559,DDIL,,,,Deep Diamond,Deep Diamond India,DDIL,30d8b5cd-24c7-43c9-bd13-dde87af59e64,,name,,,
INE00C401011,210659,MAL,,MAL,,Mangalam Alloys,,MAL,2f47d697-7346-46a8-9500-65dca6d7de05,,"bsecode,securityid,symbol",,19137.0,
INE00D001018,208145,REXPIPES,,REXPIPES,,Rex Pipes & Cables,,REXPIPES,40a9159b-af10-4d3c-a6a0-cbc91b75fb46,,"bsecode,securityid,symbol",,5312.0,
INE00ER01015,210749,ONDOOR,,ONDOOR,,On Door Concepts,,ONDOOR,106a4301-e10c-457a-a7a5-f3974ddd0228,,"bsecode,securityid,symbol",,19703.0,
INE00F201020,543527,PRUDENT,,PRUDENT,,Prudent Corporate Advisory Services,Prudent Corporate Advisors,PRUDENT,2698b55d-a2fa-4387-be92-687d1dc814f1,,name,,,
INE00HZ01011,526125,BNAGROCHEM,BNHOLDINGS,,,BN Agrochem,BN Holdings,BNAGROCHEM,38968346-9aa3-4394-ab23-1eae8ffacdff,,"bsecode,name,symbol",,,BNHOLDINGS
INE00KV01022,209275,RAJMET,,RAJMET,,Rajnandini Metal,,RAJMET,899d3c7b-de59-461a-922e-d3f7b6dd4cdb,,"bsecode,securityid,symbol",,2171.0,
INE00U401027,544227,UNIECOM,,UNIECOM,,Unicommerce eSolutions,Unicommerce e-Solutions,UNIECOM,6f6bf91d-0198-470f-b85f-76bcb9db416c,,name,,,
INE00U801010,205337,PARIN,,PARIN,,Parin Enterprises,Parin Furniture,PARIN,961dad68-a8bf-4cce-9af9-66bef77aa641,,name,,,
INE00WS01056,208776,GSTL,,GSTL,,Globesecure Technologies,,GSTL,89bb927f-dea4-46b7-bcbb-83c3c2ccf3cd,,"bsecode,securityid,symbol",,9768.0,
INE012Q01021,538119,RNBDENIMS,,RNBDENIMS,,R&B Denims,,RNBDENIMS,8b5718fa-51ae-4815-a998-b0168888bc35,,nsecode,,,
INE016A01026,500096,DABUR,,DABUR,,Dabur India,Dabur,DABUR,5664f3d0-6de0-4408-9e9d-1f2029d687b5,,name,,,
INE019D01016,539383,MAHAVEER,MINFY,,,Mahaveer Infoway,,MAHAVEER,d93b457f-1adc-45e4-855a-c5b7041d1703,,"bsecode,symbol",,,MINFY
INE01A501027,541945,RANJEET,,,,Ranjeet Mechatronics,Ranjeet Mechatronics Limi,RANJEET,7b23ebe4-d348-4d78-871c-21cf136872f7,,name,,,
INE01II01013,205873,SILGO,,SILGO,,Silgo Retail,,SILGO,d86e2ad2-0622-43fc-a974-91334868dc3f,,"bsecode,securityid,symbol",,2495.0,
INE020801028,542337,SPENCERS,,SPENCERS,,Spencer's Retail,Spencers Retail,SPENCERS,c9fd071a-80ff-4e6d-9f8f-78400a598c0e,,name,,,
INE024L01027,533282,GRAVITA,,GRAVITA,,Gravita India,Gravita,GRAVITA,f03611a6-bab0-49ce-ac8b-b019c7431be5,,name,,,
INE027F01014,532217,CMXLTD,SIELFNS,,,CMX Holdings,Siel Financial Services,CMXLTD,6f689961-1844-40f9-ba26-a8ef2b673a95,,"bsecode,name,symbol",,,SIELFNS
INE031G01022,531254,OPTIFIN,,,,Optimus Finance,Optimus Finance Limited,OPTIFIN,50b1235b-a83a-4c0b-9bff-4960b4584c3c,,name,,,
INE035801013,543743,AERONEU,SAH,AERONEU,SAH,Aeroflex Neu,Sah Polymers,AERONEU,b2943997-f836-43b5-9ccf-670e62b7fd4e,,"bsecode,name,nsecode,symbol",,,SAH
INE037B01020,512393,SHARDUL,,,,Shardul Securities,SHARDUL SECURITIES LTD.,SHARDUL,ef1bc6fc-e7d0-40eb-af8c-20311e8d145c,,name,,,
INE03KJ01013,208611,SHIGAN,,SHIGAN,,Shigan Quantum Technologies,,SHIGAN,35469bc0-acda-4610-a6fe-01efa5740f59,,"bsecode,securityid,symbol",,8398.0,
INE04VX01019,210875,SHEETAL,,SHEETAL,,Sheetal Universal,,SHEETAL,99a0be68-408b-4987-9ea9-195eeca47cb4,,"bsecode,securityid,symbol",,20426.0,
INE056001014,542727,CPML,,,,City Pulse Multiventures,City Pulse Multiplex,CPML,5f886c35-e970-444f-9cbd-261ad6c37612,,name,,,
INE062Y01020,540730,MEHAI,,,,Mehai Technology,Mehai Technology  Limited,MEHAI,a8d8e93c-a40f-44d9-942a-2b9fad06555e,,name,,,
INE071A01013,500059,BILVYAPAR,BINANIIND,BILVYAPAR,BINANIIND,Bil Vyapar,Binani Industries,BILVYAPAR,a184d40a-20bf-456d-9bd5-26296023dfe2,,"bsecode,name,nsecode,symbol",,,BINANIIND
INE072A01029,513361,INDIAHOMES,ISWL,,,India Homes,India Steel Works,INDIAHOMES,ddda8126-b566-4f8e-9c56-9371a4b0ba9c,,"bsecode,name,symbol",,,ISWL
INE07L501010,543410,DMR,,,,DMR Engineering,DMR Hydroengineering & Infrastructures ,DMR,e83b1fbb-d725-4b8f-bcc5-6f5ff810e660,,name,,,
INE087E01011,517264,FINELINE,,,,Fine-Line Circuits,FINE-LINE CIRCUITS LTD.,FINELINE,fd2d8c23-be22-4e89-9fcb-73c46d635f88,,name,,,
INE08PH01015,544522,ABCOTS,,ABCOTS,,AB Cotspin,,ABCOTS,18ea02ec-b1ac-4b92-90ad-ea49fb11a21d,,securityid,,208474.0,
INE09FA01019,210544,YUDIZ,,YUDIZ,,Yudiz Solutions,,YUDIZ,acbb125b-ea91-455a-a5e8-55e4e24fa0d9,,"bsecode,securityid,symbol",,18051.0,
INE0AQ201015,544408,THELEELA,,THELEELA,,Leela Palaces Hotels & Resorts,Schloss Bangalore,THELEELA,cad0e2f1-42aa-4a0e-bd16-f018f5bdaa4a,,name,,,
INE0BTR01012,210476,SYNOPTICS,,SYNOPTICS,,Synoptics Technologies,,SYNOPTICS,f62af6d0-5476-4818-b0ad-f30891f80c1e,,"bsecode,securityid,symbol",,17206.0,
INE0C5901022,543319,AAPLUSTRAD,,,,AA Plus Tradelink,AA Plus Tradelink Limited,AAPLUSTRAD,27f0f146-282a-4fd1-86a4-6d4a9e70056c,,name,,,
INE0CDK01019,209129,MAKS,,MAKS,,Maks Energy Solutions,,MAKS,f77a7155-f3af-4cd0-b2c0-8bf6324f40fb,,"bsecode,securityid,symbol",,11222.0,
INE0DHF01018,211931,IPHL,,IPHL,,Indian Phosphate,,IPHL,c0c5975f-dfa2-42ec-a60c-6cf4b6414193,,"bsecode,securityid,symbol",,25036.0,
INE0DM401012,213182,SHRIAHIMSA,,SHRIAHIMSA,,Shri Ahimsa Naturals,SHRI AHIMSA NATURALS LTD,SHRIAHIMSA,6bf8b3a2-ef4e-4085-968e-2abb74a584e4,,name,,,
INE0E4I01027,543443,ASCENSIVE,,,,Ascensive Educare,Ascensive Educare Limited,ASCENSIVE,0200ab28-e510-4a49-91cf-9942475e8684,,name,,,
INE0FLF01015,213373,NIKITA,,NIKITA,,Nikita Greentech Recycling,Nikita Papers,NIKITA,0426090d-3a36-4f17-88f8-505a91b49796,,name,,,
INE0FPO01018,212038,PHOGLOBAL,,PHOGLOBAL,,Phoenix Overseas,,PHOGLOBAL,2c5a20bc-6072-4b63-b507-597be771b4c6,,"bsecode,securityid,symbol",,25519.0,
INE0FW001016,543364,MARKOLINES,,MARKOLINES,,Markolines Pavement Technologies,,MARKOLINES,e01eb539-08d9-491e-a996-e68f26a6ea88,,nsecode,,,
INE0H1201020,543372,GETALONG,,,,Getalong Enterprise,Getalong Enterprise Limit,GETALONG,b5326b73-176f-45df-83fa-bfe7a5905a25,,name,,,
INE0H4B01011,209492,LRRPL,,LRRPL,,Lead Reclaim & Rubber Products,,LRRPL,26802d3b-243b-48de-9c0b-c216d6b389d5,,"bsecode,securityid,symbol",,14211.0,
INE0HKW01018,208528,PRECISION,,PRECISION,,Precision Metaliks,,PRECISION,1cc54d48-ddac-4e89-9019-153e79fe7196,,"bsecode,securityid,symbol",,7963.0,
INE0IGO01011,208303,DESTINY,,DESTINY,,Destiny Logistics - RE,,DESTINY,e41afec5-2c96-4812-9e32-85c4938e6c95,,"bsecode,securityid,symbol",,6092.0,
INE0ISZ01012,211634,ZTECH,,ZTECH,,Z-Tech India,,ZTECH,df9e2937-51ab-40f4-8a2e-d7b9d300d706,,"bsecode,securityid,symbol",,23979.0,
INE0J0B01017,208339,KOTYARK,,KOTYARK,,Kotyark Industries,,KOTYARK,2393f560-297d-41c2-bb1b-b51a238fa5ae,,"bsecode,securityid,symbol",,6444.0,
INE0K1401020,543499,ACHYUT,,,,Achyut Healthcare,Achyut Healthcare Limited,ACHYUT,f9a12dcc-6ead-4efe-9197-4bd203e28496,,name,,,
INE0K4D01020,210308,QUICKTOUCH,,QUICKTOUCH,,Quicktouch Technologies,,QUICKTOUCH,9fb53505-b976-4cf5-b0f0-67275d088ded,,"bsecode,securityid,symbol",,15294.0,
INE0K5H01010,211205,SADHAV,,SADHAV,,Sadhav Shipping,,SADHAV,50078cfd-f811-40e2-be43-8af5a77e506d,,"bsecode,securityid,symbol",,22900.0,
INE0KKN01029,543590,RHETAN,,RHETAN,,Rhetan TMT,,RHETAN,92b56008-4f1b-417e-8c41-414740ec4d57,,nsecode,,,
INE0KLO01025,213173,ACTIVEINFR,,ACTIVEINFR,,Active Infrastructures,ACTIVE INFRASTRUCTURES L,ACTIVEINFR,e43c703a-168e-42e8-9476-b6a0eb5d574a,,name,,,
INE0KZF01015,211905,QVCEL,,QVCEL,,QVC Exports,,QVCEL,76dad679-9567-481b-89da-1dbb9f8b281c,,"bsecode,securityid,symbol",,24960.0,
INE0L4V01013,210435,VILINBIO,,VILINBIO,,Vilin Bio Med,,VILINBIO,80815bb9-71f0-4e65-8a47-8799cce4eeb3,,"bsecode,securityid,symbol",,16960.0,
INE0LF301013,208980,AGNI,,AGNI,,Agni Green Power,,AGNI,88c9968f-7722-4fce-860b-4ca5db729b2b,,"bsecode,securityid,symbol",,10498.0,
INE0LGX01024,543620,INA,,,,Insolation Energy,INSOLATION ENERGY LIMITED,INA,c5b416e4-83fb-4a75-b794-5fe09b78abf4,,name,,,
INE0N2D01013,211659,TBI,,TBI,,TBI Corn,,TBI,53862658-813c-425a-9f4c-43fe0acd9c9c,,"bsecode,securityid,symbol",,24022.0,
INE0N5H01017,210615,JIWANRAM,,JIWANRAM,,Jiwanram Sheoduttrai Industries,,JIWANRAM,fd74683b-62a6-46ea-8a0b-25327f8cd04c,,"bsecode,securityid,symbol",,18565.0,
INE0NA301016,209368,RBMINFRA,,RBMINFRA,,RBM Infracon,,RBMINFRA,6d0e310d-4f7b-4d78-9bdc-cdd5f890560f,,"bsecode,securityid,symbol",,13578.0,
INE0NA501011,212706,DIVINEHIRA,,DIVINEHIRA,,Divine Hira Jewellers,,DIVINEHIRA,b264a12f-3889-42d1-ad44-55b979da3507,,"bsecode,securityid,symbol",,30262.0,
INE0NLB01018,209553,VERTEXPLUS,,VERTEXPLUS,,Vertexplus Technologies,,VERTEXPLUS,094bac60-4df4-4c47-b46c-625fcda730bf,,"bsecode,securityid,symbol",,14503.0,
INE0NUL01018,210338,AUROIMPEX,,AUROIMPEX,,Auro Impex & Chemicals,Auro Impex  & Chemicals,AUROIMPEX,7aa6d0db-8957-4008-8ccf-6d3cdced4658,,name,,,
INE0NZW01014,15143,,PATTECH,PATTECH,,Pattech Fitwell Tube Components,,PATTECH,4044fc06-6c2f-4eec-89bc-76026c93db69,,"bsecode,securityid",,210300.0,
INE0O1S01012,210455,MAGSON,,MAGSON,,Magson Retail & Distribution,,MAGSON,3213ecd8-1b67-40b2-a2d1-1c1c80fbeb29,,"bsecode,securityid,symbol",,17091.0,
INE0OCC01013,210598,BASILIC,,BASILIC,,Basilic Fly Studio,,BASILIC,cf839223-af64-4d6b-8311-9db96ceb554f,,"bsecode,securityid,symbol",,18445.0,
INE0OFK01019,210375,CRAYONS,,CRAYONS,,Crayons Advertising,,CRAYONS,b4e89515-60ca-464f-9c42-ea56f475542e,,"bsecode,securityid,symbol",,16442.0,
INE0OGG01015,22537,,DHTL,DHTL,,Docmode Health Technologies,,DHTL,987a9de9-b13c-4ac2-9dcd-32198a8f7197,,"bsecode,securityid",,211090.0,
INE0OYE01013,543982,QUESTFLOW,MESON,,,Meson Valves,,QUESTFLOW,9be67c62-5b55-4fd8-82f2-f8595d1812a5,,"bsecode,symbol",,,MESON
INE0P5R01014,28044,,,PURPLEUTED,,Purple United Sales,,PURPLEUTED,65e21814-0891-4c79-880b-fcf76e4bb2e9,,symbol,,,
INE0PC901019,23562,,BIRDYS,BIRDYS,,Grill Splendour Services,,BIRDYS,8b0b2f70-bc9b-4020-98ab-d5a8216d95bf,,"bsecode,securityid",,211521.0,
INE0PDJ01013,210810,ROXHITECH,,ROXHITECH,,ROX Hi-Tech,,ROXHITECH,3e9d9ed0-0b31-4a9b-8684-2e3bd6bddd06,,"bsecode,securityid,symbol",,20170.0,
INE0PE401018,211710,MEDIORG,,MEDIORG,,Medicamen Organics,,MEDIORG,e09b3cb9-a02e-4688-8e4f-9c55e9635746,,"bsecode,securityid,symbol",,24245.0,
INE0PTR01012,210839,ROCKINGDCE,,ROCKINGDCE,,Rockingdeals Circular Economy,,ROCKINGDCE,20115794-8159-4a7e-b459-5e54eb4bbf0e,,"bsecode,securityid,symbol",,20292.0,
INE0PZA01015,210971,SAIFL,,SAIFL,,Sameera Agro & Infra,,SAIFL,11a0a7ef-a796-4ed0-bf61-618d528187da,,"bsecode,securityid,symbol",,21105.0,
INE0Q1W01012,210949,EFORCE,,EFORCE,,Electro Force,,EFORCE,68bb228c-2ac6-42a2-b76f-c7799e6f3b14,,"bsecode,securityid,symbol",,20902.0,
INE0Q9Q01017,210775,SHANTHALA,,SHANTHALA,,Shanthala FMCG Products,,SHANTHALA,e7a84050-b679-4a50-a590-37b6ce8a35ff,,"bsecode,securityid,symbol",,19755.0,
INE0QD201012,210969,TECHLABS,,TECHLABS,,Trident Techlabs,,TECHLABS,f82f9cae-5877-4027-a95c-6aadd2a2c61b,,"bsecode,securityid,symbol",,21093.0,
INE0QHG01026,210970,SUPREMEPWR,,SUPREMEPWR,,Supreme Power Equipment,,SUPREMEPWR,bc3da8fd-94a5-48c0-a5a0-22a199e2708d,,"bsecode,securityid,symbol",,21074.0,
INE0QRV01016,211582,ABSMARINE,,ABSMARINE,,ABS Marine Services,,ABSMARINE,89675c09-0435-401c-97ef-3a9933a4e4cc,,"bsecode,securityid,symbol",,23786.0,
INE0QX901013,213174,RAPIDFLEET,,RAPIDFLEET,,Rapid Fleet Management Services,RAPID FLEET MGT SERVICE L,RAPIDFLEET,1e41ea21-8049-4d2f-bd62-399612a1c919,,name,,,
INE0QZM01018,23488,,DRSCARGO,DRSCARGO,,DRS Cargo Movers,,DRSCARGO,7559dafd-2ec9-42e6-bccb-aa4f9bbb82e0,,"bsecode,securityid",,211501.0,
INE0R3501012,210975,HRHNEXT,,HRHNEXT,,HRH Next Services,,HRHNEXT,e58a2178-542b-449b-abb9-cd5205dbcacb,,"bsecode,securityid,symbol",,21120.0,
INE0R8M01017,211218,OWAIS,,OWAIS,,Owais Metal & Mineral Processing,,OWAIS,5e4ddcb8-214e-4a0e-84fb-54bb28049625,,"bsecode,securityid,symbol",,22914.0,
INE0R9I01021,212475,ENSER,,ENSER,,Enser Communications,,ENSER,0e174f48-a986-4873-b373-33a697a744a6,,"bsecode,securityid,symbol",,23233.0,
INE0RCG01017,210987,KCEIL,,KCEIL,,Kay Cee Energy & Infra,,KCEIL,20405ca1-77ff-42d0-a3be-16f39b696005,,"bsecode,securityid,symbol",,21185.0,
INE0RDH01021,211066,LAWSIKHO,,LAWSIKHO,,Addictive Learning Technology,,LAWSIKHO,e6b2d487-7519-4eb6-b0b6-b76d6e163ddf,,"bsecode,securityid,symbol",,22471.0,
INE0RJM01010,211469,NAMAN,,NAMAN,,Naman In-Store,,NAMAN,24446499-be5a-4811-905d-65efce6fe664,,"bsecode,securityid,symbol",,23382.0,
INE0RPM01017,211774,SATIPOLY,,SATIPOLY,,Sati Poly Plast,,SATIPOLY,034df33f-c131-4970-b817-e92bec82bde7,,"bsecode,securityid,symbol",,24507.0,
INE0RQZ01017,211174,ESCONET,,ESCONET,,Esconet Technologies,,ESCONET,421df8db-ea0a-4cb8-86ef-90a78c4527c6,,"bsecode,securityid,symbol",,22767.0,
INE0RRU01016,211586,IEML,,IEML,,Indian Emulsifiers,,IEML,9f973ec3-11c4-48b6-be0a-7ca0a7cce9af,,"bsecode,securityid,symbol",,23792.0,
INE0S1D01010,211981,INNOMET,,INNOMET,,Innomet Advanced Materials,,INNOMET,71e9a1ea-0ff9-4bd3-9ea5-cfa0c8808a48,,"bsecode,securityid,symbol",,25323.0,
INE0SCO01019,24289,,,DPEL,,Divine Power Energy,,DPEL,2ca1386f-2fbb-4ced-ae7f-e81604c0563c,,symbol,,,
INE0SGC01015,211231,MVKAGRO,,MVKAGRO,,MVK Agro Food Product,,MVKAGRO,9bc00777-f890-4848-a739-2c1ac55d2804,,"bsecode,securityid,symbol",,22979.0,
INE0SH001010,211715,MASON,,MASON,,Mason Infratech,,MASON,f9eba83d-fbde-400e-9fd6-3642883e3055,,"bsecode,securityid,symbol",,24281.0,
INE0SWN01019,211477,TRUST,,TRUST,,Trust Fintech,,TRUST,2ed4f40c-7595-4fa4-b2fa-6ac410306330,,"bsecode,securityid,symbol",,23420.0,
INE0TG801013,212078,PARAMOUNT,,PARAMOUNT,,Paramount Dye Tec,,PARAMOUNT,fd1e1572-a8d3-4cfc-9cd7-da71769567c2,,"bsecode,securityid,symbol",,25720.0,
INE0TP801012,212312,NMSTEEL,,NMSTEEL,,Newmalayalam Steel,,NMSTEEL,470d0773-ac72-41d4-8dc1-84d618b31c79,,"bsecode,securityid,symbol",,28804.0,
INE0U7V01015,212226,C2C,,C2C,,C2C Advanced Systems,,C2C,3da3802c-934b-4b4c-9bb3-3ecef2223850,,"bsecode,securityid,symbol",,27277.0,
INE0UIZ01018,544288,BLACKBUCK,,BLACKBUCK,,Black Buck,Zinka Logistics Solutions,BLACKBUCK,f49360c1-bf5e-4120-8c29-f1356a3dbe95,,name,,,
INE0UYG01015,212231,ABHAPOWER,,ABHAPOWER,,Abha Power and Steel,,ABHAPOWER,c9cbe410-1303-4216-8c83-dc2a26650ee8,,"bsecode,securityid,symbol",,27287.0,
INE0V0Q01019,213181,ATCENERGY,,ATCENERGY,,ATC Energies System,ATC ENERGIES SYSTEM LTD,ATCENERGY,4f780f66-40c8-412e-adca-6006553fc309,,name,,,
INE0VA601019,212541,HPTL,,HPTL,,HP Telecom,,HPTL,d0d11c72-da6d-44ae-a2b2-71c93d8cb1c7,,"bsecode,securityid,symbol",,29879.0,
INE0W2G01015,544282,SAGILITY,,SAGILITY,,Sagility,Sagility India,SAGILITY,766adae2-98ba-43df-ba6d-474817df6fa2,,name,,,
INE0Z7N01017,756338,,,TANKUP,,Tankup Engineers,,TANKUP,dfd4267e-67ca-4204-8a8c-8623878aec0e,,symbol,,,
INE10QL01011,212484,READYMIX,,READYMIX,,Readymix Construction Machinery,,READYMIX,19dba2f4-1391-45df-b03f-93cd95fee8c5,,"bsecode,securityid,symbol",,29564.0,
INE118R01032,540259,SHANGAR,,,,Shangar Decor,SHANGAR DECOR LIMITED,SHANGAR,052560c2-b582-4dc2-abf3-10c1b8ee5db3,,name,,,
INE124Y01010,544448,PASHUPATI,,PASHUPATI,,Pashupati Cotspin,,PASHUPATI,1a5120f4-66c0-40f0-8347-bc3162a2a2d7,,securityid,,202726.0,
INE127I01024,530655,GOODLUCK,,GOODLUCK,,Goodluck India,Goodluck,GOODLUCK,51836c33-a784-4376-b07b-d31f95dcadd2,,name,,,
INE12IB01015,544393,INFONATIVE,,,,Infonative Solutions,INFONATIVE SOLUTIONS LIMI,INFONATIVE,c48d0ab3-414e-4aa0-be33-a91ce7c03f61,,name,,,
INE12QA01010,544341,LGLL,LICL,,,Landmark Global Learning,Landmark Immigration Consultants,LGLL,e17acca6-0c60-407d-a4b2-b2fdba402ace,,"bsecode,name,symbol",,,LICL
INE135H01029,512018,TTGIL,CNIRESLTD,,,Tomorrow Technologies Global Innovation,CNI Research,TTGIL,9076b991-b48e-4bac-9092-558b3fa10b6b,,"bsecode,name,symbol",,,CNIRESLTD
INE145Y01023,540693,SHISHIND,,,,Shish Industries,Shish Industries Limited,SHISHIND,ca1caf09-9111-4165-a761-43b55953b01a,,name,,,
INE154B01023,532140,MOHITE,,,,Mohite Industries,MOHITE INDUSTRIES LIMITED,MOHITE,800625f3-5fbc-49d1-8712-eac895cf31aa,,name,,,
INE155A01022,500570,TMPV,TATAMOTORS,TMPV,TATAMOTORS,Tata Motors Passenger Vehicles,Tata Motors,TMPV,9f1e2767-e731-4f98-97df-303d3b5d2ab9,,"bsecode,name,nsecode,symbol",,,TATAMOTORS
INE155Z01011,203119,MACPOWER,,MACPOWER,,Macpower CNC Machines,,MACPOWER,e9a29300-a385-4fa8-9629-9884e49ddfa0,,"bsecode,securityid,symbol",,22349.0,
INE15DO01012,212482,KEN,,KEN,,Ken Enterprises,,KEN,72a3c5bc-26e7-43b1-872e-f22980d868ab,,"bsecode,securityid,symbol",,29550.0,
INE181D01014,524055,PANIDPR,,,,Panther Industrial Products,PANTHER INDUSTRIAL PRODUC,PANIDPR,50217274-0333-492a-b5df-b5bb76dcf77f,,name,,,
INE187R01029,539091,CITL,,,,Consecutive Investment & Trading,Consecutive Investments &,CITL,ba02ff26-7554-4d79-bb65-fe1450bf1b59,,name,,,
INE196Y01018,544577,WORTHPERI,WORTH$,WORTHPERI,WORTH,Worth Peripherals,,WORTHPERI,46c6cfa8-d810-48c8-93b0-c2866f6937d5,,"bsecode,nsecode,securityid,symbol",,202243.0,WORTH$
INE199P01028,543324,GCSL,,GCSL,,Gretex Corporate Services,,GCSL,142cfa29-b948-4ef8-b3c9-9937f2a963b1,,nsecode,,,
INE201M01029,20233,,CLEDUCATE,CLEDUCATE,,CL Educate,CL Educate - Buyback,CLEDUCATE,4e28de54-f724-4d4d-9a85-01ee0729a1de,,"bsecode,name,securityid",,540403.0,
INE202Z01029,200995,TSFINV,SUNDARMHLD,TSFINV,SUNDARMHLD,Sundaram Finance Holdings,,TSFINV,18747a08-6e5d-47f7-b812-b3e9a8e469dd,,"bsecode,nsecode,symbol",,,SUNDARMHLD
INE219M01021,532090,ATVOENT,VANDANA,,,Atvo Enterprises,Vandana Knitwear,ATVOENT,474efe1c-30ab-4b13-9c1a-658b9f15f80a,,"bsecode,name,symbol",,,VANDANA
INE229N01010,514060,NEWTRAC,MARKOBENZ,,,Markobenz Ventures,,NEWTRAC,681a70a3-d420-4d28-9125-ad04be80bec1,,"bsecode,symbol",,,MARKOBENZ
INE242C01024,515055,ANANTRAJ,,ANANTRAJ,,Anant Raj,Anant Raj Industries,ANANTRAJ,29ad09ff-5313-4091-99a4-9ff21dc6933c,,name,,,
INE245L01028,533285,RDBIPL,,,,RDB Infrastructure & Power,RDB INFRASTRUCTURE AND PO,RDBIPL,0783a920-8e63-4be6-869a-e35275d5b066,,name,,,
INE253A01025,500500,HINDMOTORS,,,HINDMOTORS,Hindustan Motors,,HINDMOTORS,277e6285-39bc-4f46-a22b-59aaffa73557,,nsecode,,,
INE273D01019,514274,VGL,AARVEEDEN,VGL,AARVEEDEN,Varvee Global,Aarvee Denims & Exports,VGL,86c8d0f5-e08c-4ba7-986e-c9a93094bd2f,,"bsecode,name,nsecode,symbol",,,AARVEEDEN
INE273F01022,539115,ALANSCOTT,,,,Alan Scott Enterprises,Alan Scott Industries,ALANSCOTT,f7ade28e-aab3-4265-907d-3b5ec4c3c41a,,name,,,
INE278R01034,541161,DHARAN,,DHARAN,,Dharan Infra-EPC,KBC Global,DHARAN,fad74aee-24b3-42c9-a845-370961a7e97a,,name,,,
INE289C01025,511559,TEAMGTY,TIMESGTY,TEAMGTY,TIMESGTY,Team India Guaranty,Times Guaranty,TEAMGTY,e5b99e5c-a878-4f41-8770-31619d511a71,,"bsecode,name,nsecode,symbol",,,TIMESGTY
INE296Q01012,538446,MONEYBOXX,,MONEYBOXX,,Moneyboxx Finance,,MONEYBOXX,b0769c38-e329-49aa-b9b7-e9eb76d64ca4,,nsecode,,,
INE298B01010,540174,SOUTHERNIN,,,,Southern Infoconsultants,Southern Infosys,SOUTHERNIN,e66b71e7-aa47-4450-a190-6c3e02d0a140,,name,,,
INE320M01019,506365,STARSOURCE,CHEMOPH,,,Star Source Multi Trade,Chemo Pharma Laboratories,STARSOURCE,b6b0470d-155e-4984-a3ba-3b4403a8dca6,,"bsecode,name,symbol",,,CHEMOPH
INE321D01016,506579,AGVENTURES,OCCL,,OCCL,AG Ventures,Oriental Carbon & Chemicals,AGVENTURES,2010b430-84d5-4ade-b190-eda5bea3ccbe,,"bsecode,name,nsecode,symbol",,,OCCL
INE326P01019,536710,SRGFFL,SRGSFL,,,SRG Fingrow Finance,S R G Securities Finance,SRGFFL,71cee900-952e-4611-a70e-abed2d0a7321,,"bsecode,name,symbol",,,SRGSFL
INE332Q01023,539679,KAPILRAJ,,,,Kapil Raj Finance,Kapil Raj Finance Ltd.,KAPILRAJ,cf1dbbb8-6d15-43f8-9143-f264f19394a9,,name,,,
INE344T01014,539399,BELLACASA,,BELLACASA,,Bella Casa Fashion & Retail,,BELLACASA,7d4dd2d2-2480-4762-be6d-b41e610fcddb,,nsecode,,,
INE347L01022,539167,VLL,,,,Virat Leasing,Virat Leasing Limited,VLL,33fbac77-c937-4d18-bd30-dacffc4ffd03,,name,,,
INE356B01024,526506,SYSTMTXC,,SYSTMTXC,,Systematix Corporate Services,,SYSTMTXC,a68e7108-e331-46eb-8faa-544307929920,,nsecode,,,
INE368U01029,201305,UNITEDPOLY,,UNITEDPOLY,,United Polyfab,UNITED POLYFAB GUJ. LTD.,UNITEDPOLY,c363413c-c982-47a0-b772-d669ec82b0cf,,name,,,
INE373T01047,539607,BLUECLOUDS,,,,Blue Cloud Softech Solutions,Blue Cloud Softech Soluti,BLUECLOUDS,1dfac916-9c7d-4a9f-b1ee-5e22b32abd89,,name,,,
INE382M01027,543283,UFBL,BARBEQUE,UFBL,BARBEQUE,United Foodbrands,Barbeque Nation Hospitality,UFBL,c04dc1cc-d53e-49ed-b481-41e043315623,,"bsecode,name,nsecode,symbol",,,BARBEQUE
INE385F01024,512329,SGMART,,SGMART,,SG Mart,,SGMART,81d8bb5d-e59e-4fb2-a8a1-c97c0b64a160,,nsecode,,,
INE386A01023,520113,VESUVIUS,,VESUVIUS,,Vesuvius,VESUVIUS INDIA LTD.,VESUVIUS,616abceb-69f4-496b-b038-c42aec7ce76e,,name,,,
INE398H01015,532056,TRUSTEDGE,,,,Trustedge Capital,Adinath Exim Resources,TRUSTEDGE,097cf5e2-7373-49a3-806b-ffe63e8672be,,name,,,
INE404B01022,526961,LASTMILE,,,,Last Mile Enterprises,LAST MILE ENTERPRISES LIM,LASTMILE,caa07e7b-adfd-40ca-ab77-4c3342e5056d,,name,,,
INE408F01024,512297,SHANTAI,,,,Shantai Industries,Shantai Industries Limite,SHANTAI,257c8180-3c23-4f46-adfa-9cd2b08e8805,,name,,,
INE438E01032,523606,SIKA,,,,Sika Interplant Systems,SIKA INTERPLANT SYSTEMS L,SIKA,995b2fad-0eed-489c-aa8c-04eccc461373,,name,,,
INE439N01031,514440,BPAGRI,,,,Blue Pearl Agriventures,Blue Pearl Agriventures L,BPAGRI,fe67b0fb-586e-4d6b-ba9a-146770abb7e0,,name,,,
INE443P01038,517172,PERVASIVE,,,,Pervasive Commodities,Pervasive Commodities Lim,PERVASIVE,f9ef62ef-bb1a-4e23-b265-26df519b223d,,name,,,
INE460C01014,526367,GANESHHOU,GANESHHOUC,GANESHHOU,GANESHHOUC,Ganesh Housing,Ganesh Housing Corporation,GANESHHOU,8747128c-48d2-4a3c-92aa-afb79728dbe8,,"bsecode,name,nsecode,symbol",,,GANESHHOUC
INE481Z01011,201673,UNIINFO,,UNIINFO,,UNIINFO Telecom Services,,UNIINFO,9b21bba5-8814-4058-8ba5-6aa377add524,,"bsecode,securityid,symbol",,7797.0,
INE485K01022,530881,ABVL,,,,Arunjyothi Bio Ventures,Arunjyoti Bio Ventures Li,ABVL,03f38d79-d398-4f2c-982d-4d0b41ec05f2,,name,,,
INE489B01031,543976,SHRAAITECH,,,,Shradha AI Technologies,Shradha AI Technologies L,SHRAAITECH,ea0d9cc3-8096-43be-ae63-8edafca94268,,name,,,
INE497E01020,530253,RAJTUBE,,,,Rajasthan Tube Manufacturing,RAJASTHAN TUBE MANUFACTUR,RAJTUBE,1e900265-40ad-40d7-8034-8fa89a5dbee5,,name,,,
INE505V01016,544461,EUROBOND,,EUROBOND,,Euro Panel Products,,EUROBOND,1684097c-d0ad-4fe6-a8b5-acf39c490585,,securityid,,208418.0,
INE514C01026,532164,MINOLTAF,,,,Minolta Finance,MINOLTA FINANCE LTD.,MINOLTAF,600a9734-e5ff-4eb9-9914-e3944bb68fbc,,name,,,
INE517M01028,211144,POLYSIL,,POLYSIL,,Polysil Irrigation Systems,,POLYSIL,28151bdd-6b00-494b-8d18-b0b8a296258b,,"bsecode,securityid,symbol",,22714.0,
INE535P01015,530929,RRPDEFENSE,EUROASIA,,,RRP Defense,Euro Asia Exports,RRPDEFENSE,2450ab31-5e76-45cb-a94e-9bbbf05b7fea,,"bsecode,name,symbol",,,EUROASIA
INE546C01010,530305,PICCADIL,,PICCADIL,,Piccadily Agro Industries,,PICCADIL,5e77034d-a90d-479c-bd07-993de44f53a5,,nsecode,,,
INE551C01044,524632,SHUKRAPHAR,,,,Shukra Pharmaceuticals,Shukra Pharmaceuticals Li,SHUKRAPHAR,67323c53-1d91-4980-9e5a-4e5b39b29fdd,,name,,,
INE558R01013,202985,HECPROJECT,,HECPROJECT,,HEC Infra Projects,,HECPROJECT,301414ba-1250-4277-9ea7-62de566d36c1,,"bsecode,securityid,symbol",,7429.0,
INE561D01025,526614,EXPOEAPL,EXPOGAS,,,Expo Engineering & Projects,Expo Gas Containers,EXPOEAPL,25305776-3662-4bdd-a944-c7631ee6b82b,,"bsecode,name,symbol",,,EXPOGAS
INE562E01021,531529,SOFTRAKV,,,,Softrak Venture Investments,SOFTRAK VENTURE INVESTMEN,SOFTRAKV,4d3fc3b2-dbdb-4c3e-881a-39310e9e6e39,,name,,,
INE596H01014,532761,HGM,HOVS,HGM,HOVS,HandsOn Global Management (HGM),HOV Services,HGM,bc91d40b-7ecb-407a-a178-b13f6409f47e,,"bsecode,name,nsecode,symbol",,,HOVS
INE601A01017,500458,TEAM24,KORE,,,Team24 Consumer Products,Kore Foods,TEAM24,f32c4763-8988-440c-9588-3574c1e7fbc8,,"bsecode,name,symbol",,,KORE
INE617A01013,505368,SEMAC,,SEMAC,,Semac Construction,Semac Consultants,SEMAC,1705de44-e3a5-427a-a996-e38b4c9e3347,,name,,,
INE617I01024,20503,,,ASLIND,,ASL Industries,,ASLIND,bc417e15-537c-413c-a338-b3ec1d8087af,,symbol,,,
INE618R01015,539199,SGFIN,,SGFIN,,SG Finserv,,SGFIN,9be29ffb-c063-4f20-b362-b5e53eefff13,,nsecode,,,
INE631E01024,539895,SPICELOUNG,SAGL,,,Spice Lounge Food Works,Shalimar Agencies Limited,SPICELOUNG,7df2fcf5-f599-44c2-be99-2e7f643d9f37,,"bsecode,name,symbol",,,SAGL
INE642P01019,539900,DIDL,,,,Dalmia Industrial Development,DALMIA INDUSTRIAL DEVELOP,DIDL,922ab8da-1a80-4523-820c-68b5aab7e0c0,,name,,,
INE656B01027,530095,PRADHIN,,,,Pradhin,PRADHIN LIMITED,PRADHIN,02ac0956-38d2-4b62-a692-a7433dce0fdc,,name,,,
INE658T01017,544536,WEALTH,,WEALTH,,Wealth First Portfolio Managers,,WEALTH,8fab2357-235a-4444-8f32-276fc50c7553,,securityid,,200627.0,
INE663A01033,500405,SPLPETRO,,SPLPETRO,,Supreme Petrochem,Supreme Petrochemicals,SPLPETRO,3265db9a-6c27-44b7-a950-e682af9bd4f4,,name,,,
INE665A01038,503310,SWANCORP,SWANENERGY,SWANCORP,SWANENERGY,Swan Corp,Swan Energy,SWANCORP,2f13ac8e-db2d-4d9b-85e7-258a760f08a4,,"bsecode,name,nsecode,symbol",,,SWANENERGY
INE670K01029,543287,LODHA,,LODHA,,Lodha Developers,Macrotech Developers,LODHA,046fe113-53e4-4d1f-9ff6-6ee5361c540d,,name,,,
INE673E01018,538563,SMTEL,ADARSH,,,SMT Engineering,Adarsh Mercantile,SMTEL,abd2cc75-caa5-44b5-ae5f-0b1011aafff7,,"bsecode,name,symbol",,,ADARSH
INE681K01026,531537,MIZVEN,JYOTHI,,,Mizzen Ventures,MIZZEN VENTURES LIMITED,MIZVEN,031ff273-8526-400d-9804-18deac6271a4,,"bsecode,name,symbol",,,JYOTHI
INE686A01026,509496,CEMPRO,ITDCEM,CEMPRO,ITDCEM,Cemindia Projects,ITD Cementation,CEMPRO,8394544c-c190-4b53-bcd9-d18487c4e8bb,,"bsecode,name,nsecode,symbol",,,ITDCEM
INE697V01011,201657,PANSARI,,PANSARI,,Pansari Developers,,PANSARI,afaee4ce-8ee5-41ac-95b7-23af539c0df3,,"bsecode,securityid,symbol",,6152.0,
INE704V01015,200454,DRL,,DRL,,Dhanuka Realty,,DRL,03f29053-6b19-483a-b5ac-01578db2b609,,"bsecode,securityid,symbol",,18770.0,
INE710D01028,523019,BNRSEC,,,,BN Rathi Securities,B.N.RATHI SECURITIES LTD.,BNRSEC,b6308f45-1f7a-422a-bd1f-3a75069e5365,,name,,,
INE714D01020,522231,CONART,,,,Conart Engineers,CONART ENGINEERS LTD.,CONART,ffcec2be-707b-48c9-84e5-7371decc277a,,name,,,
INE734I01027,508954,FINKURVE,,FINKURVE,,Finkurve Financial Services,,FINKURVE,86085769-b85c-4e12-9e1c-f7176ba25671,,nsecode,,,
INE738D01029,512065,MRUTR,,,,Mrugesh Trading,MRUGESH TRADING LTD.,MRUTR,90f5f417-c36d-45fd-9d76-61b8a363e926,,name,,,
INE745R01024,543208,REGIS,,,,Regis Industries,REGIS INDUSTRIES LIMITED,REGIS,cca16a60-0fa4-4404-afeb-db68a8493191,,name,,,
INE766Q01014,4294,,,BDR,,BDR Buildco,,BDR,e01248fb-46cc-4888-8501-78e485163703,,symbol,,,
INE776C01039,532754,GMRAIRPORT,,GMRAIRPORT,,GMR Airports,GMR Airports Infrastructure,GMRAIRPORT,6e70ea48-f454-43bb-8397-592523aed992,,name,,,
INE782X01033,210510,SERVOTECH,,SERVOTECH,,Servotech Renewable Power,Servotech Renewable  Power,SERVOTECH,bc6e2e88-53f8-4e2a-90e9-28f17fbdebd2,,name,,,
INE784R01023,539151,ARFIN,,ARFIN,,Arfin,Arfin India,ARFIN,e8e95b4e-fb83-43fa-9d9f-6d18a4671cb4,,"name,nsecode",,,
INE799E01011,531680,MAYUR,,,,Mayur Leather Products,MAYUR LEATHER PRODUCTS LT,MAYUR,c8b635c3-9ab7-4f5e-b0cb-5fdc0c9a7dd2,,name,,,
INE802W01023,209193,BOHRAIND,,BOHRAIND,,Bohra Industries,,BOHRAIND,29f0e5d0-17c1-40ae-bf46-ff43af83b801,,"bsecode,securityid,symbol",,11641.0,
INE811K01011,533274,PRESTIGE,,PRESTIGE,,Prestige Estates Projects,Prestige Estate,PRESTIGE,0ffff2bd-0988-41ed-b79d-00455f82befb,,name,,,
INE818A01017,530075,ANTELOPUS,SELAN,ANTELOPUS,SELAN,Antelopus Selan Energy,Selan Exploration Technology,ANTELOPUS,5a2c770c-c82f-4bc8-a6bb-8214ee6d3c9d,,"bsecode,name,nsecode,symbol",,,SELAN
INE835U01027,540243,NEWLIGHT,,,,New Light Industries,NEW LIGHT APPARELS LIMTED,NEWLIGHT,7f67c9a5-b07a-46a1-9742-aea48beb60c2,,name,,,
INE845A01028,507946,KIDUJA,,,,Kiduja India,KIDUJA INDIA LTD.,KIDUJA,6ae7c257-b345-4703-a412-909edaf3a8f7,,name,,,
INE876A01023,512489,OASISEC,,,,Oasis Securities,OASIS SECURITIES LTD.,OASISEC,1ab5d163-a9d2-432a-8e92-c828820a39c1,,name,,,
INE878A01011,532309,GVPIL,GEPIL,GVPIL,GEPIL,GE Power,,GVPIL,58dfe045-89bf-49c9-bb80-643af5528262,,"bsecode,nsecode,symbol",,,GEPIL
INE880Y01017,203111,SOLEX,,SOLEX,,Solex Energy,,SOLEX,515acd28-b079-4e6e-abda-31761658800e,,"bsecode,securityid,symbol",,1234.0,
INE886D01026,512008,EFCIL,,EFCIL,,EFC,,EFCIL,392fc9d8-5fe4-4dd5-b325-fcd34286b4a0,,nsecode,,,
INE890N01027,536073,JULIEN,,,,Julien Agro Infratech,JULIEN AGRO INFRATECH LIM,JULIEN,a02b052b-5b8e-4188-a02a-2a104879831b,,name,,,
INE895W01019,16355,,,PANACHE,,Panache Digilife,,PANACHE,c6a88376-3519-4fc3-94ff-037983af470f,,symbol,,,
INE906O01029,536264,TIGERLOGS,,TIGERLOGS,,Tiger Logistics,,TIGERLOGS,a0b2e773-3c8b-4b93-826a-202437f211bb,,nsecode,,,
INE916Y01027,544200,AFIL,,AFIL,,Akme Fintrade,Akme Fintrade (India) Lim,AFIL,63df7d68-a652-424f-80ef-1b4d50f4e2fa,,name,,,
INE918Z01012,543664,KAYNES,,KAYNES,,Kaynes Technology India,Kaynes Technology,KAYNES,5dfcf334-32ca-4498-a524-9fd27b753a2a,,name,,,
INE925Y01036,208643,AURIGROW,GODHA,AURIGROW,GODHA,Auri Grow India,Godha Cabcon & Insulation,AURIGROW,ee3053ac-d793-4ee5-93f3-12bb2a811ad6,,"bsecode,name,nsecode,symbol",,,GODHA
INE926B01016,523862,GRANDOAK,PIFL,,,Grand Oak Canyons Distillery,Pacheli Industrial Finance,GRANDOAK,a951306f-435f-4d43-b6a2-bf6c86145791,,"bsecode,name,symbol",,,PIFL
INE933X01016,206158,SHANTI,,SHANTI,,Shanti Overseas,,SHANTI,c470d991-4f55-4c0e-ae68-f3b1c0e7f801,,"bsecode,securityid,symbol",,5655.0,
INE982R01015,8588,,,ABNINT,,ABN Intercorp,,ABNINT,fc9ca750-86df-4152-bbc2-a44e8c054b32,,symbol,,,
INE993I01029,512441,ENBETRD,,,,Enbee Trade & Finance,Enbee Trade &amp; Finance,ENBETRD,807c5d46-3ba4-4ab0-b928-f1e5912e9c8b,,name,,,
INE00YB01025,544281,ABINFRA,,ABINFRA,,AB Infrabuild,,ABINFRA,b0e0fef9-d84f-4c20-951b-f101f9257dab,,"isin,isin",INE00YB01017,,
INE045601023,543367,PARAS,,PARAS,,Paras Defence Space Tech,,PARAS,393e825d-36cf-4c77-9333-4724e2b449dd,,"isin,isin",INE045601015,,
INE045J01034,6198,,FCL,FCL,,Fineotex Chemical,,FCL,a2887230-4b69-4520-bb9c-055d92e96a2c,,"bsecode,isin,isin,securityid",INE045J01026,533333.0,
INE060D01028,517431,NARMP,,,,Narmada Macplast Drip Irrigation,,NARMP,9c2d2bf3-5c6e-45f9-9909-e8c14416098c,,"isin,isin",INE060D01010,,
INE060X01034,543462,DEVIT,,DEVIT,,Dev Information Technology,,DEVIT,31ae1d18-20c0-44aa-a6e1-7541d45e0264,,"isin,isin",INE060X01026,,
INE07S101038,543915,PAVNAIND,,PAVNAIND,,Pavna Industries,,PAVNAIND,2df6cfe1-fae5-414c-b43e-df3b495f9d34,,"isin,isin",INE07S101020,,
INE0A0S01028,543917,SIGMA,,SIGMA,,Sigma Solve,,SIGMA,4c801415-e0ef-4cc8-8800-6996ed449811,,"isin,isin",INE0A0S01010,,
INE0HS001028,208628,COOLCAPS,,COOLCAPS,,Cool Caps Industries,,COOLCAPS,1b248d94-2de7-4050-be1a-f4775c5940ad,,"isin,isin",INE0HS001010,,
INE0N7S01028,210293,MOS,,MOS,,Mos Utility,,MOS,eec45e52-5e64-4a02-a5bb-da8b739b3cb8,,"isin,isin",INE0N7S01010,,
INE111F01024,532742,PAUSHAKLTD,,,,Paushak,,PAUSHAKLTD,57b3ba77-93e2-496e-9c68-2a12b1e9b492,,"isin,isin",INE111F01016,,
INE124E01038,513517,STEELCAS,,STEELCAS,,Steelcast,,STEELCAS,1c6c6d00-0076-4a7d-9642-534c237fdb58,,"isin,isin",INE124E01020,,
INE133B01027,507180,KESARENT,,,,Kesar Enterprises,,KESARENT,9a9808d6-5af6-4d76-94f9-262a323f8cda,,"isin,isin",INE133B01019,,
INE142E01022,522650,BEMHY,,,,Bemco Hydraulics,,BEMHY,1fd3af33-97b3-474f-9425-a101eac81ad2,,"isin,isin",INE142E01014,,
INE164B01030,519602,KELLTONTEC,,KELLTONTEC,,Kellton Tech Solutions,,KELLTONTEC,fdc328df-1619-415a-87d5-dccf2eae4963,,"isin,isin",INE164B01022,,
INE219Y01026,544456,RMDRIP,,RMDRIP,,RM Drip & Sprinklers System,,RMDRIP,c47de90b-d871-4321-82f6-4a5d51112f19,,"isin,isin,securityid",INE219Y01018,203354.0,
INE235C01036,514211,SUMEETINDS,,SUMEETINDS,,Sumeet Industries,SUMEET INDUSTRIES LTD.,SUMEETINDS,6ed22007-b67f-42e4-9e2f-2e3226438da7,,"isin,isin,name",INE235C01028,,
INE258A01024,395,,BEML,BEML,,BEML,,BEML,182f86bd-5a32-4c0b-ab9a-934d1df4bc7d,,"bsecode,isin,isin,securityid",INE258A01016,500048.0,
INE302D01024,517035,RIR,,,,RIR Power Electronics,,RIR,f4672bf1-4216-4950-98d8-c29fca9bd4b4,,"isin,isin",INE302D01016,,
INE305A01023,526650,TFCILTD,,TFCILTD,,Tourism Finance Corporation of India,,TFCILTD,dd79915a-8b74-4d57-b24b-8d8d0bb8767c,,"isin,isin",INE305A01015,,
INE314T01033,539725,GOKULAGRO,,GOKULAGRO,,Gokul Agro Resources,,GOKULAGRO,67ef6427-1048-4acc-b9a4-92832b9bcfaa,,"isin,isin",INE314T01025,,
INE331C01025,524661,WELCURE,,,,Welcure Drugs & Pharmaceuticals,,WELCURE,7abe10a0-730b-45f2-a11a-95aac08594df,,"isin,isin",INE331C01017,,
INE337M01021,533676,INDOTHAI,,INDOTHAI,,Indo Thai Securities,,INDOTHAI,7f71135b-cadd-45b6-a72a-47364ba6044c,,"isin,isin",INE337M01013,,
INE371F01024,540829,CHANDRIMA,,,,Chandrima Mercantiles,,CHANDRIMA,3de73dd2-aa64-4a80-abf6-f91cb811e68a,,"isin,isin",INE371F01016,,
INE418L01047,543280,NAZARA,,NAZARA,,Nazara Technologies,,NAZARA,ea63fde7-3f38-43be-b4fa-945ce36e786b,,"isin,isin",INE418L01021,,
INE428B01021,536659,PVVINFRA,,,,PVV Infra,,PVVINFRA,413ae836-3e76-4c7a-a51d-ac03158211f4,,"isin,isin",INE428B01013,,
INE448D01025,531395,PADAMCO,,,,Padam Cotton Yarns,,PADAMCO,616f416c-f188-4ed5-a665-2851caa74a55,,"isin,isin",INE448D01017,,
INE467X01023,506906,SCBL,,,,Saptak Chem & Business,,SCBL,139180cb-b168-4281-9c7d-d8fcddfbf177,,"isin,isin",INE467X01015,,
INE537U01037,540079,SPRAYKING,,,,Sprayking,,SPRAYKING,108ea010-ace5-4990-8d1d-c4a35803c330,,"isin,isin",INE537U01029,,
INE560A01023,500201,INDIAGLYCO,,INDIAGLYCO,,India Glycols,,INDIAGLYCO,f24c552f-3199-4532-874b-96fe941d4523,,"isin,isin",INE560A01015,,
INE598D01035,505725,ALGOQUANT,AQFINTECH,,,Algoquant Fintech,,ALGOQUANT,ef696063-5240-46a7-b2d1-c610a08cd0e6,,"bsecode,isin,isin,symbol",INE598D01027,,AQFINTECH
INE645S01024,543325,ROLEXRINGS,,ROLEXRINGS,,Rolex Rings,,ROLEXRINGS,834884a3-5164-4683-b71f-9dbb20698cec,,"isin,isin",INE645S01016,,
INE669X01032,17922,,GEEKAYWIRE,GEEKAYWIRE,,Geekay Wires,,GEEKAYWIRE,7ef8056f-fd41-49e9-b239-2c0e0d1a3557,,"bsecode,isin,isin,securityid",INE669X01024,210728.0,
INE671K01027,539300,SUNRAKSHAK,,,,Sunrakshakk Industries,,SUNRAKSHAK,2770d246-eb8c-42d9-a2de-9ae5a04159d1,,"isin,isin",INE671K01019,,
INE672A01026,501301,TATAINVEST,,TATAINVEST,,Tata Investment Corporation,,TATAINVEST,dda73b97-d37b-456e-9f25-44fa0a1550e2,,"isin,isin",INE672A01018,,
INE768C01028,531335,ZYDUSWELL,,ZYDUSWELL,,Zydus Wellness,,ZYDUSWELL,1f203c3e-5083-4133-8638-d8129f98b1d1,,"isin,isin",INE768C01010,,
INE771F01041,524743,FISCHER,,FISCHER,,Fischer Medical Ventures,,FISCHER,6c6c753b-66a9-49c5-9b47-728f8237ce3b,,"isin,isin,nsecode",INE771F01025,,
INE807M01031,521005,TITANIN,,,,Titan Intech,,TITANIN,8324f4a9-c672-497f-a89f-f11012e45095,,"isin,isin",INE807M01023,,
INE809Q01020,505504,GHVINFRA,,,,GHV Infra Projects,,GHVINFRA,7aaf9c33-cd11-4d58-a7e9-02f4002dfead,,"isin,isin",INE809Q01012,,
INE814H01029,533096,ADANIPOWER,,ADANIPOWER,,Adani Power,,ADANIPOWER,02fb3221-e664-48ea-9aec-63c497a9f9f3,,"isin,isin",INE814H01011,,
INE910R01024,539479,GTV,,,,GTV Engineering,,GTV,3421f099-0858-4357-8447-449148ef8474,,"isin,isin",INE910R01016,,
INE947T01022,204730,GICL,,GICL,,Globe International Carriers,,GICL,6755c244-a95f-4b45-9de3-26e2579e3f6b,,"isin,isin",INE947T01014,,
INE953E01022,519421,KSE,,,,KSE,,KSE,4b1118a8-6fca-4ae2-a9a7-7ef11e80cc80,,"isin,isin",INE953E01014,,
INE976R01033,539042,AGIIL,,AGIIL,,AGI Infra,,AGIIL,d8fa4021-cfd8-4eba-97a5-59e41f479571,,"isin,isin",INE976R01025,,
INE009U01011,539864,GHUSHINE,,,,Ghushine Fintrrade Ocean,,GHUSHINE,,,new,,,
INE00CX01017,542503,MAHIP,,,,Mahip Industries,,MAHIP,,,new,,,
INE00RL01028,544477,HILINFRA,,HILINFRA,,Highway Infrastructure,,HILINFRA,,,new,,,
INE00YJ01010,544534,JARO,,JARO,,Jaro Inst of Tech Mgmt & Research,,JARO,,,new,,,
INE016C01014,526823,RAJINFRA,,,,Rajeswari Infrastructure,,RAJINFRA,,,new,,,
INE01R501028,544496,VIKRAN,,VIKRAN,,Vikran Engineering,,VIKRAN,,,new,,,
INE01TY01017,544583,CANHLIFE,,CANHLIFE,,Canara HSBC Life Insurance Company,,CANHLIFE,,,new,,,
INE03NU01014,544457,BRIGHOTEL,,BRIGHOTEL,,Brigade Hotel Ventures,,BRIGHOTEL,,,new,,,
INE04VU01023,544533,STYL,,STYL,,Seshaasai Technologies,,STYL,,,new,,,
INE056801025,544523,IVALUE,,IVALUE,,Ivalue Infosolutions,,IVALUE,,,new,,,
INE059Q01014,539014,KALPACOMME,,,,Kalpa Commercial,,KALPACOMME,,,new,,,
INE05J901018,544432,IGCL,,IGCL,,Indogulf Cropsciences,,IGCL,,,new,,,
INE060601031,542724,MURAE,,,,Murae Organisor,,MURAE,,,new,,,
INE06ST01018,544454,INDIQUBE,,INDIQUBE,,Indiqube Spaces,,INDIQUBE,,,new,,,
INE06WU01026,544465,LAXMIINDIA,,LAXMIINDIA,,Laxmi India Finance,,LAXMIINDIA,,,new,,,
INE06XZ01023,544491,GEMAROMA,,GEMAROMA,,Gem Aromatics,,GEMAROMA,,,new,,,
INE06ZD01017,544459,SHANTIGOLD,,SHANTIGOLD,,Shanti Gold International,,SHANTIGOLD,,,new,,,
INE075B01020,520086,SICALLOG,,SICALLOG,,Sical Logistics,,SICALLOG,,,new,,,
INE075H01019,530993,SARTHAKGL,,,,Sarthak Global,,SARTHAKGL,,,new,,,
INE078V01014,544488,VIKRAMSOLR,,VIKRAMSOLR,,Vikram Solar,,VIKRAMSOLR,,,new,,,
INE079L01013,522245,IYKOTHITE,,,,Iykot Hitech Toolroom,,IYKOTHITE,,,new,,,
INE084C01012,526687,POLOHOT,,,,Polo Hotels,,POLOHOT,,,new,,,
INE084K01015,544502,AMANTA,,AMANTA,,Amanta Healthcare,,AMANTA,,,new,,,
INE085001019,544570,WEWORK,,WEWORK,,WeWork India Management,,WEWORK,,,new,,,
INE08N601015,544470,MBEL,,MBEL,,M & B Engineering,,MBEL,,,new,,,
INE093B01015,530715,ALPSINDUS,,ALPSINDUS,,Alps Industries,,ALPSINDUS,,,new,,,
INE09A801015,213754,GML,,GML,,Galaxy Medicare,,GML,,,new,,,
INE0CAZ01013,544515,URBANCO,,URBANCO,,Urban Company,,URBANCO,,,new,,,
INE0CQA01020,213802,PRIMECAB,,PRIMECAB,,Prime Cable Industries,,PRIMECAB,,,new,,,
INE0CZ201020,544449,ANTHEM,,ANTHEM,,Anthem Biosciences,,ANTHEM,,,new,,,
INE0EAS01014,213641,CONNPLEX,,CONNPLEX,,Connplex Cinemas,,CONNPLEX,,,new,,,
INE0FMZ01045,544458,SHREEREF,,,,Shree Refrigerations,,SHREEREF,,,new,,,
INE0GV601021,544479,ALLTIME,,ALLTIME,,All Time Plastics,,ALLTIME,,,new,,,
INE0HF201011,544558,FABTECH,,FABTECH,,Fabtech Technologies,,FABTECH,,,new,,,
INE0HMN01013,512439,ESQRMON,,,,Esquire Money Guarantees,,ESQRMON,,,new,,,
INE0IJF01013,213580,SELLOWRAP,,SELLOWRAP,,Sellowrap Industries,,SELLOWRAP,,,new,,,
INE0J5801029,544476,JSLL,,JSLL,,Jeena Sikho Lifecare,,JSLL,,,new,,,
INE0LCG01010,544451,MONIKA,,,,Monika Alcobev,,MONIKA,,,new,,,
INE0M3X01010,544495,NISMGMT,,,,NIS Management,,NISMGMT,,,new,,,
INE0MHO01029,544485,REGAAL,,REGAAL,,Regaal Resources,,REGAAL,,,new,,,
INE0MLS01022,544540,EPACKPEB,,EPACKPEB,,EPack Prefab Technologies,,EPACKPEB,,,new,,,
INE0MWH01014,544545,TRUALT,,TRUALT,,Trualt Bioenergy,,TRUALT,,,new,,,
INE0NAZ01010,544447,SMARTWORKS,,SMARTWORKS,,Smartworks Coworking Spaces,,SMARTWORKS,,,new,,,
INE0NON01025,213479,SHKSIL,,SHKSIL,,Shri Hare-Krishna Sponge Iron,,SHKSIL,,,new,,,
INE0OUS01011,530757,SHENTRA,,,,Shentracon Chemicals,,SHENTRA,,,new,,,
INE0P6P01016,544499,CPEDU,,CPEDU,,Career Point Edutech,,CPEDU,,,new,,,
INE0PKD01011,544492,MEIL,,MEIL,,Mangal Electrical Industries,,MEIL,,,new,,,
INE0PLX01017,215186,GREENLEAF,,GREENLEAF,,Greenleaf Envirotech,,GREENLEAF,,,new,,,
INE0PTF01017,544452,SWASTIKAAL,,,,Swastika Castal,,SWASTIKAAL,,,new,,,
INE0PXC01024,213509,ETL,,ETL,,Emkay Tools,,ETL,,,new,,,
INE0QMV01017,544535,BHARATROHAN,,,,Bharatrohan Airborne Innovations,,BHARATROHAN,,,new,,,
INE0QP701017,544565,VALPLAST,,,,Valplast Technologies,,VALPLAST,,,new,,,
INE0QU501030,544560,SODHACAP,,,,Sodhani Capital,,SODHACAP,,,new,,,
INE0R8B01010,544487,PATELRMART,,PATELRMART,,Patel Retail,,PATELRMART,,,new,,,
INE0R8Q01018,544559,OML,,,,Om Metallogic,,OML,,,new,,,
INE0RDJ01019,544436,VANDAN,,,,Vandan Foods,,VANDAN,,,new,,,
INE0RTI01017,544498,OVAL,,,,Oval Projects Engineering,,OVAL,,,new,,,
INE0RYR01018,215180,SUBAHOTELS,,SUBAHOTELS,,Suba Hotels,,SUBAHOTELS,,,new,,,
INE0S3G01027,544550,PACEDIGITK,,PACEDIGITK,,Pace Digitek,,PACEDIGITK,,,new,,,
INE0S4R01014,544439,CRIZAC,,CRIZAC,,Crizac,,CRIZAC,,,new,,,
INE0S5T01017,544552,RDGAIL,,,,Rukmani Devi Garg Agro Impex,,RDGAIL,,,new,,,
INE0S9X01011,544431,ACEALPHA,,,,Ace Alpha Tech,,ACEALPHA,,,new,,,
INE0SC101013,544428,SEVL,,,,Supertech Ev,,SEVL,,,new,,,
INE0SFA01011,544585,SIHORA,,,,Sihora Industries,,SIHORA,,,new,,,
INE0SGZ01016,213482,SUNTECH,,SUNTECH,,Suntech Infra Solutions,,SUNTECH,,,new,,,
INE0SIK01014,544548,GPAPL,,,,Gujarat Peanut And Agri Products,,GPAPL,,,new,,,
INE0SJA01013,544521,VMSTMT,,VMSTMT,,VMS TMT,,VMSTMT,,,new,,,
INE0SJX01015,544445,APL,,,,Asston Pharmaceuticals,,APL,,,new,,,
INE0SLP01017,544571,NSBBPO,,,,NSB BPO Solutions,,NSBBPO,,,new,,,
INE0SN801015,213508,SILKY,,SILKY,,Silky Overseas,,SILKY,,,new,,,
INE0SPJ01011,544556,DHILLON,,,,Dhillon Freight Carrier,,DHILLON,,,new,,,
INE0SRP01014,544544,TELGE,,,,Telge Projects,,TELGE,,,new,,,
INE0SUM01015,544568,ZAPPFRESH,,,,DSM Fresh Foods,,ZAPPFRESH,,,new,,,
INE0SVO01019,213787,SIDDHICOTS,,SIDDHICOTS,,Siddhi Cotspin,,SIDDHICOTS,,,new,,,
INE0TBQ01014,544437,MARCLOIRE,,,,Marc Loire Fashions,,MARCLOIRE,,,new,,,
INE0TGX01019,544450,CHEMBONDCH,,CHEMBONDCH,,Chembond Chemicals,,CHEMBONDCH,,,new,,,
INE0TI501017,544538,PRARUH,,,,Praruh Technologies,,PRARUH,,,new,,,
INE0TJ801010,544518,LTELEVATOR,,,,L. T. Elevator,,LTELEVATOR,,,new,,,
INE0TL001013,544440,CRYOGENIC,,,,Cryogenic Ogs,,CRYOGENIC,,,new,,,
INE0TLP01015,213514,WHITEFORCE,,WHITEFORCE,,Happy Square Outsourcing Services,,WHITEFORCE,,,new,,,
INE0TQE01026,544557,GLOTTIS,,GLOTTIS,,Glottis,,GLOTTIS,,,new,,,
INE0TY101024,544532,SOLARWORLD,,SOLARWORLD,,Solarworld Energy Solutions,,SOLARWORLD,,,new,,,
INE0U4H01011,215153,MPEL,,MPEL,,Manas Polymers & Energies,,MPEL,,,new,,,
INE0UCN01017,213570,SAVY,,SAVY,,Savy Infra & Logistics,,SAVY,,,new,,,
INE0UJF01018,544506,SHARVAYA,,,,Sharvaya Metals,,SHARVAYA,,,new,,,
INE0UMC01019,544444,GLEN,,,,Glen Industries,,GLEN,,,new,,,
INE0UOY01019,213647,MEDISTEP,,MEDISTEP,,Medistep Healthcare,,MEDISTEP,,,new,,,
INE0UQ601012,213680,CLASSICEIL,,CLASSICEIL,,Classic Electrodes (India),,CLASSICEIL,,,new,,,
INE0UZO01024,544434,NEETUYOSHI,,,,Neetu Yoshi,,NEETUYOSHI,,,new,,,
INE0V0L01028,544453,MSECL,,,,Monarch Surveyors & Engg. Consultants,,MSECL,,,new,,,
INE0V3U01015,544424,GLOBECIVIL,,GLOBECIVIL,,Globe Civil Projects,,GLOBECIVIL,,,new,,,
INE0V8A01016,544511,KARBON,,,,Karbonsteel Engineering,,KARBON,,,new,,,
INE0V9Q01010,544469,LOTUSDEV,,LOTUSDEV,,Sri Lotus Developers & Realty,,LOTUSDEV,,,new,,,
INE0VBS01016,213805,ECOLINE,,ECOLINE,,Ecoline Exim,,ECOLINE,,,new,,,
INE0VCK01011,213615,FLYSBS,,FLYSBS,,FlySBS Aviation,,FLYSBS,,,new,,,
INE0VG001016,213646,AMCL,,AMCL,,ANB Metal Cast,,AMCL,,,new,,,
INE0VJT01017,213487,PROFX,,PROFX,,Pro FX Tech,,PROFX,,,new,,,
INE0VOV01021,544513,DEVX,,DEVX,,Dev Accelerator,,DEVX,,,new,,,
INE0VTV01012,213679,ANONDITA,,ANONDITA,,Anondita Medicare,,ANONDITA,,,new,,,
INE0VWL01017,544442,CHEMKART,,,,Chemkart,,CHEMKART,,,new,,,
INE0VZX01015,213612,RNPL,,RNPL,,Renol Polychem,,RNPL,,,new,,,
INE0W1601012,544435,ADCOUNTY,,,,Adcounty Media,,ADCOUNTY,,,new,,,
INE0W4K01013,544474,BLT,,,,BLT Logistics,,BLT,,,new,,,
INE0W5Q01017,544542,JUSTO,,,,Justo Realfintech,,JUSTO,,,new,,,
INE0WL201014,213611,CUDML,,CUDML,,Cash Ur Drive Marketing,,CUDML,,,new,,,
INE0WL901019,215181,VIJAYPD,,VIJAYPD,,Vijaypd Ceutical,,VIJAYPD,,,new,,,
INE0WRP01016,544508,VASHISHTHA,,,,Vashishtha Luxury Fashion,,VASHISHTHA,,,new,,,
INE0XAD01024,544587,MIDWESTLTD,,MIDWESTLTD,,Midwest,,MIDWESTLTD,,,new,,,
INE0XBS01012,544516,AIRFLOA,,,,Airfloa Rail Technology,,AIRFLOA,,,new,,,
INE0XM301010,213486,MMEL,,MMEL,,Moving Media Entertainment,,MMEL,,,new,,,
INE0XRR01010,544425,AJCJEWEL,,,,AJC Jewel Manufacturers,,AJCJEWEL,,,new,,,
INE0XWS01018,213752,TAURIAN,,TAURIAN,,Taurian MPS,,TAURIAN,,,new,,,
INE0XX801016,544501,SUGSLLOYD,,,,Sugs Lloyd,,SUGSLLOYD,,,new,,,
INE0XZB01017,544509,KRUPALU,,,,Krupalu Metals,,KRUPALU,,,new,,,
INE0Y0E01012,544426,ICON,,,,Icon Facilitators,,ICON,,,new,,,
INE0Y5H01014,213778,TECHD,,TECHD,,TechD Cybersecurity,,TECHD,,,new,,,
INE0Y8W01017,544497,AHCL,,AHCL,,Anlon Healthcare,,AHCL,,,new,,,
INE0YD401026,544537,JAINREC,,JAINREC,,Jain Resource Recycling,,JAINREC,,,new,,,
INE0YDV01010,213677,ARCIIL,,ARCIIL,,ARC Insulation & Insulators,,ARCIIL,,,new,,,
INE0YG001013,544482,STARIMAGIN,,,,Star Imaging And Path Lab,,STARIMAGIN,,,new,,,
INE0YJV01017,215184,SHEEL,,SHEEL,,Sheel Biotech,,SHEEL,,,new,,,
INE0Z4F01028,544527,ATLANTAELE,,ATLANTAELE,,Atlanta Electricals,,ATLANTAELE,,,new,,,
INE0ZDY01011,544422,ABRFL,,,,Abram Food,,ABRFL,,,new,,,
INE0ZN101029,544503,RACHIT,,,,Rachit Prints,,RACHIT,,,new,,,
INE0ZOM01013,544504,GOELCONS,,,,Goel Construction Company,,GOELCONS,,,new,,,
INE0ZRC01017,213637,BHADORA,,BHADORA,,Bhadora Industries,,BHADORA,,,new,,,
INE0ZTO01018,213455,MAYASHEEL,,MAYASHEEL,,Mayasheel Ventures,,MAYASHEEL,,,new,,,
INE103V01028,544443,TRAVELFOOD,,TRAVELFOOD,,Travel Food Services,,TRAVELFOOD,,,new,,,
INE104201012,544505,AUSTERE,,,,Austere Systems,,AUSTERE,,,new,,,
INE104F01029,539122,BODHTREE,,,,Bodhtree Consulting,,BODHTREE,,,new,,,
INE10CM01027,544566,SUNSKY,,,,Sunsky Logistics,,SUNSKY,,,new,,,
INE10VS01016,213642,SAWALIYA,,SAWALIYA,,Sawaliya Food Products,,SAWALIYA,,,new,,,
INE10XS01012,544520,SAMPAT,,,,Sampat Aluminium,,SAMPAT,,,new,,,
INE111601014,544483,ICODEX,,,,Icodex Publishing Solutions,,ICODEX,,,new,,,
INE114D01015,514414,OXFORDIN,,,,Oxford Industries,,OXFORDIN,,,new,,,
INE11J101017,213506,CEDAAR,,CEDAAR,,Cedaar Textile,,CEDAAR,,,new,,,
INE124401014,213636,AARADHYA,,AARADHYA,,AARADHYA DISPOSAL INDUS L,,AARADHYA,,,new,,,
INE12NJ01018,544430,SAMBHV,,SAMBHV,,Sambhv Steel Tubes,,SAMBHV,,,new,,,
INE12P101018,544561,CHIRAHARIT,,,,Chiraharit,,CHIRAHARIT,,,new,,,
INE12P601017,544494,GLOBTIER,,,,Globtier Infotech,,GLOBTIER,,,new,,,
INE130701019,544433,VALINDIA,,,,Valencia,,VALINDIA,,,new,,,
INE132901013,213806,MGSL,,MGSL,,Matrix Geo Solutions,,MGSL,,,new,,,
INE132E01015,531989,DECPO,,,,Deccan Polypacks,,DECPO,,,new,,,
INE13B501022,544526,SAATVIKGL,,SAATVIKGL,,Saatvik Green Energy,,SAATVIKGL,,,new,,,
INE13YH01017,544584,SKM,,,,SK Minerals & Additives,,SKM,,,new,,,
INE13ZD01013,213602,KAYTEX,,KAYTEX,,Kaytex Fabrics,,KAYTEX,,,new,,,
INE14DW01018,213705,SATTVAENGG,,SATTVAENGG,,Sattva Engineering Construction,,SATTVAENGG,,,new,,,
INE14GK01016,213528,SMARTEN,,SMARTEN,,Smarten Power Systems,,SMARTEN,,,new,,,
INE14OX01013,544471,TAKYON,,,,Takyon Networks,,TAKYON,,,new,,,
INE14QA01016,544555,AMEENJI,,,,Ameenji Rubber,,AMEENJI,,,new,,,
INE14VP01014,544524,JDCABLES,,,,JD Cables,,JDCABLES,,,new,,,
INE14W901010,213481,RTL,,RTL,,Rama Telecom,,RTL,,,new,,,
INE154801018,213507,PUSHPA,,PUSHPA,,Pushpa Jewellers,,PUSHPA,,,new,,,
INE15B101011,213732,OPTIVALUE,,OPTIVALUE,,Optivalue Tek Consulting,,OPTIVALUE,,,new,,,
INE15MX01014,544500,ABRIL,,,,Abril Paper Tech,,ABRIL,,,new,,,
INE15WN01014,544463,REPONO,,,,Repono,,REPONO,,,new,,,
INE15XJ01010,544529,APPL,,,,Aptus Pharma,,APPL,,,new,,,
INE160L01011,535620,BINNYMILLS,,,,Binny Mills,,BINNYMILLS,,,new,,,
INE161701011,544460,PATELCHEM,,,,Patel Chem Specialities,,PATELCHEM,,,new,,,
INE161G01027,532621,MORARJEE,,MORARJEE,,Morarjee Textiles,,MORARJEE,,,new,,,
INE162901016,544441,METAINFO,,,,Meta Infotech,,METAINFO,,,new,,,
INE163701019,544554,KVSCASTING,,,,KVS Castings,,KVSCASTING,,,new,,,
INE16VK01010,213576,TSC,,TSC,,TSC,,TSC,,,new,,,
INE16XA01017,544567,INFINITY,,,,Infinity Infoway,,INFINITY,,,new,,,
INE173E01019,531628,TEJASSVI,,,,Tejassvi Aaharam,,TEJASSVI,,,new,,,
INE17CQ01015,215182,BAGDIGITAL,,BAGDIGITAL,,BAG Convergence,,BAGDIGITAL,,,new,,,
INE17D601016,213456,SAFEENTP,,SAFEENTP,,Safe Enterprises Retail Fixtures,,SAFEENTP,,,new,,,
INE17VO01028,213670,STUDIOLSD,,STUDIOLSD,,Studio LSD,,STUDIOLSD,,,new,,,
INE188Y01031,211747,VERTOZ,,VERTOZ,,Vertoz,,VERTOZ,,,new,,,
INE18JU01028,544455,EBGNG,,EBGNG,,GNG Electronics,,EBGNG,,,new,,,
INE18PB01017,544551,BHAVIK,,,,Bhavik Enterprises,,BHAVIK,,,new,,,
INE191201016,544489,LGT,,,,LGT Business Connextions,,LGT,,,new,,,
INE191I01012,532873,HDIL,,HDIL,,Housing Development and Infra,,HDIL,,,new,,,
INE198501012,544519,EUROPRATIK,,EUROPRATIK,,Euro Pratik Sales,,EUROPRATIK,,,new,,,
INE19QH01010,213552,SPUNWEB,,SPUNWEB,,Spunweb Nonwoven,,SPUNWEB,,,new,,,
INE1A8F01035,544549,EARKART,,,,Earkart,,EARKART,,,new,,,
INE1AE401014,215267,JAYESH,,JAYESH,,Jayesh Logistics,,JAYESH,,,new,,,
INE1AG301022,544525,GKENERGY,,GKENERGY,,GK Energy,,GKENERGY,,,new,,,
INE1B0W01010,544562,ADVANCE,,ADVANCE,,Advance Agrolife,,ADVANCE,,,new,,,
INE1B3501014,544563,ZELIO,,,,Zelio E-Mobility,,ZELIO,,,new,,,
INE1B3L01017,544512,SHRINGARMS,,SHRINGARMS,,Shringar House of Mangalsutra,,SHRINGARMS,,,new,,,
INE1B4801017,544546,CHTR,,,,Chatterbox Technologies,,CHTR,,,new,,,
INE1B6101010,544490,SHREEJISPG,,SHREEJISPG,,Shreeji Shipping Global,,SHREEJISPG,,,new,,,
INE1BZC01019,544564,OMFREIGHT,,OMFREIGHT,,Om Freight Forwarders,,OMFREIGHT,,,new,,,
INE1CCX01012,215150,GURUNANAK,,GURUNANAK,,Gurunanak Agriculture,,GURUNANAK,,,new,,,
INE1CRQ01014,213704,CURRENT,,CURRENT,,Current Infraprojects,,CURRENT,,,new,,,
INE1DLF01018,213681,SHIVASHRIT,,SHIVASHRIT,,Shivashrit Foods,,SHIVASHRIT,,,new,,,
INE1DM601016,213737,VIGOR,,VIGOR,,Vigor Plast,,VIGOR,,,new,,,
INE1DRH01011,544514,CITYSQUARE,,,,Jay Ambe Supermarkets,,CITYSQUARE,,,new,,,
INE1EUB01016,544582,SHLOKKA,,,,Shlokka Dyes,,SHLOKKA,,,new,,,
INE1FF001016,544547,JKIPL,,JKIPL,,Jinkushal Industries,,JKIPL,,,new,,,
INE1GUJ01014,544594,TRADEUNO,,,,Game Changers Texfab,,TRADEUNO,,,new,,,
INE1GYP01013,213454,AAKAAR,,AAKAAR,,Aakaar Medical Technologies,,AAKAAR,,,new,,,
INE1H7V01011,213639,PARTH,,PARTH,,Parth Electricals & Engineering,,PARTH,,,new,,,
INE1IBY01019,544475,ESSEX,,,,Essex Marine,,ESSEX,,,new,,,
INE1IIQ01028,544539,SOLVEX,,,,Solvex Edibles,,SOLVEX,,,new,,,
INE1K8Y01018,215183,MUNISH,,MUNISH,,Munish Forge,,MUNISH,,,new,,,
INE1KH601014,544472,MEHUL,,,,Mehul Colours,,MEHUL,,,new,,,
INE1KLZ01011,544541,SYSTEMATIC,,,,Systematic Industries,,SYSTEMATIC,,,new,,,
INE1LDV01015,544531,TRUECOLORS,,,,True Colors,,TRUECOLORS,,,new,,,
INE1LJ801017,544468,BDI,,,,BD Industries (Pune),,BDI,,,new,,,
INE1M3T01017,213638,JYOTIGLOBL,,JYOTIGLOBL,,Jyoti Global Plast,,JYOTIGLOBL,,,new,,,
INE1OIC01018,213708,SNEHAA,,SNEHAA,,Snehaa Organics,,SNEHAA,,,new,,,
INE1P1A01018,544464,UML,,,,Umiya Mobile,,UML,,,new,,,
INE1PJP01015,544553,MPKSTEELS,,,,M P K Steels,,MPKSTEELS,,,new,,,
INE1SY401010,544420,RAYMONDREL,,RAYMONDREL,,Raymond Realty,,RAYMONDREL,,,new,,,
INE1VXE01018,544395,STLNETWORK,,STLNETWORK,,STL Networks,,STLNETWORK,,,new,,,
INE206C01029,526490,PRATIK,,,,Pratik Panels,,PRATIK,,,new,,,
INE218I01013,544580,CRAMC,,CRAMC,,Canara Robeco Asset Management Company,,CRAMC,,,new,,,
INE227J01012,544423,KALPATARU,,KALPATARU,,Kalpataru,,KALPATARU,,,new,,,
INE234J01018,531406,ANSINDUS,,,,ANS Industries,,ANSINDUS,,,new,,,
INE236E01022,544421,ELLEN,,ELLEN,,Ellenbarrie Industrial Gases,,ELLEN,,,new,,,
INE293A01013,500366,ROLTA,,ROLTA,,Rolta India,,ROLTA,,,new,,,
INE296A01032,500034,BAJFINANCE,,BAJFINANCE,,Bajaj Finance,,BAJFINANCE,,,new,,,
INE301O01023,544467,NSDL,,,,National Securities Depository (NSDL),,NSDL,,,new,,,
INE304W01038,544484,BLUESTONE,,BLUESTONE,,BlueStone Jewellery & Lifestyle,,BLUESTONE,,,new,,,
INE324D01010,544576,LGEINDIA,,LGEINDIA,,LG Electronics,,LGEINDIA,,,new,,,
INE330H01018,532712,RCOM,,RCOM,,Reliance Communications,,RCOM,,,new,,,
INE335Q01026,517286,RNITAI,,,,Rnit Ai Solutions,,RNITAI,,,new,,,
INE345Q01017,539224,HCKKVENTURE,,,,HCKK Ventures,,HCKKVENTURE,,,new,,,
INE346R01013,544510,NCML,,,,Nilachal Carbo Metalicks,,NCML,,,new,,,
INE364S01014,539922,RGIL,,,,Rotographics,,RGIL,,,new,,,
INE407E01029,532078,MONIND,,,,Monind,,MONIND,,,new,,,
INE425B01027,532368,BCG,,BCG,,Brightcom Group,,BCG,,,new,,,
INE448F01012,540189,UPROTECH,,,,Unipro Technologies,,UPROTECH,,,new,,,
INE471D01019,512265,AVONMERC,,,,Avon Mercantile,,AVONMERC,,,new,,,
INE474L01016,533317,OMKARCHEM,,OMKARCHEM,,Omkar Speciality Chemicals,,OMKARCHEM,,,new,,,
INE491C01027,538743,MUDUNURU,,,,Mudunuru,,MUDUNURU,,,new,,,
INE506V01022,544578,RUBICON,,RUBICON,,Rubicon Research,,RUBICON,,,new,,,
INE526C01012,531272,NIKKIGL,,,,Nikki Global Finance,,NIKKIGL,,,new,,,
INE533B01028,511539,SUPRATRE,,,,Supra Trends,,SUPRATRE,,,new,,,
INE541C01037,532444,TSPIRITUAL,,,,T Spiritual World,,TSPIRITUAL,,,new,,,
INE542F01020,533107,SWANDEF,,SWANDEF,,Swan Defence & Heavy Industries,,SWANDEF,,,new,,,
INE546I01025,537707,LADDU,,,,Laddu Gopal Online Services,,LADDU,,,new,,,
INE549H01021,544530,ARSSBL,,ARSSBL,,Anand Rathi Share & Stock Brokers,,ARSSBL,,,new,,,
INE554H01021,531676,VAGHANI,,,,Vaghani Techno Build,,VAGHANI,,,new,,,
INE573R01012,524324,SEYAIND,,SEYAIND,,Seya Industries,,SEYAIND,,,new,,,
INE591G01025,532541,COFORGE,,COFORGE,,Coforge,,COFORGE,,,new,,,
INE600F01018,531769,PFLINFOTC,,,,Pfl Infotech Ltd.,,PFLINFOTC,,,new,,,
INE612D01018,530035,SANTOSHF,,,,Santosh Fine Fab,,SANTOSHF,,,new,,,
INE615W01011,506580,PBGLOBAL,,,,PB Global,,PBGLOBAL,,,new,,,
INE632Q01018,213654,MRIL,,MRIL,,Mahendra Realtors & Infrastructure,,MRIL,,,new,,,
INE652V01016,544528,GANESHCP,,GANESHCP,,Ganesh Consumer Products,,GANESHCP,,,new,,,
INE662D01013,526431,WELTI,,,,Welterman International,,WELTI,,,new,,,
INE669A01022,509069,INFOMEDIA,,INFOMEDIA,,Infomedia Press,,INFOMEDIA,,,new,,,
INE669R01026,539533,ELITECON,,,,Elitecon International,,ELITECON,,,new,,,
INE711D01018,524516,BACPHAR,,,,Bacil Pharma,,BACPHAR,,,new,,,
INE714Q01014,539335,CHPLIND,,,,CHPL Industries,,CHPLIND,,,new,,,
INE718I01012,544480,JSWCEMENT,,JSWCEMENT,,JSW Cement,,JSWCEMENT,,,new,,,
INE756I01012,544429,HDBFS,,HDBFS,,HDB Financial Services,,HDBFS,,,new,,,
INE759C01027,511692,AJCON,,,,Ajcon Global Services,,AJCON,,,new,,,
INE772B01014,512604,HARIAEXPO,,,,Haria Exports,,HARIAEXPO,,,new,,,
INE819V01029,544466,CPPLUS,,CPPLUS,,Aditya Infotech,,CPPLUS,,,new,,,
INE820M01018,506122,VOLKAI,,,,Kairosoft AI Solutions,,VOLKAI,,,new,,,
INE833Q01012,544575,MITTALSTL,,,,Mittal Sections,,MITTALSTL,,,new,,,
INE848B01012,513687,SPECTRA,,,,Spectra Industries,,SPECTRA,,,new,,,
INE849L01019,539015,ORTEL,,ORTEL,,Ortel Communications,,ORTEL,,,new,,,
INE875S01019,526331,ADVMULT,,,,Advance Multitech,,ADVMULT,,,new,,,
INE898E01011,517320,MAGNUS,,,,Magnus Steel & Infra,,MAGNUS,,,new,,,
INE899M01020,534920,COVIDH,,,,COVIDH,,COVIDH,,,new,,,
INE905C01034,500178,HARCR,,,,Harig Crankshafts,,HARCR,,,new,,,
INE924N01024,539175,BLUEGOD,,,,Bluegod Entertainment,,BLUEGOD,,,new,,,
INE938A01021,532019,LCCINFOTEC,,LCCINFOTEC,,LCC Infotech,,LCCINFOTEC,,,new,,,
INE961E01017,509953,TRADWIN,,,,Trade Wings,,TRADWIN,,,new,,,
INE965W01036,544543,BMWVENTLTD,,BMWVENTLTD,,BMW Ventures,,BMWVENTLTD,,,new,,,
INE976I01016,544574,TATACAP,,TATACAP,,Tata Capital,,TATACAP,,,new,,,
INE982C01033,523387,TRITON,,,,Triton Corp.ltd.,,TRITON,,,new,,,
